image_id,method,mIoU,pixel_accuracy,inference_time_sec
image_001,Watershed,0.317270133,0.498940087,0.038644314
image_001,U-Net,0.09282558,0.185649476,0.391043425
image_001,SegFormer,0.64053283,0.822394466,0.549282312
image_001,SAM,0.607099331,0.797587224,24.70754552
image_002,Watershed,0.225750064,0.376179688,0.018261909
image_002,U-Net,0.258965129,0.517891685,0.327791691
image_002,SegFormer,0.68633691,0.821204302,0.489048243
image_002,SAM,0.469316733,0.674060793,22.01950526
image_003,Watershed,0.27521053,0.468312837,0.010063648
image_003,U-Net,0.041725467,0.083431991,0.268415213
image_003,SegFormer,0.210081774,0.364118486,0.345839739
image_003,SAM,0.183464789,0.330136026,21.56899524
image_004,Watershed,0.366889136,0.657825313,0.011059761
image_004,U-Net,0.025626338,0.05124942,0.22849679
image_004,SegFormer,0.025609237,0.051218474,0.324798822
image_004,SAM,0.661706918,0.927173913,22.67809272
image_005,Watershed,0.796306564,0.948586349,0.007287264
image_005,U-Net,0.065013795,0.129962394,0.405587435
image_005,SegFormer,0.064864286,0.129728571,0.433080912
image_005,SAM,0.473063958,0.694226535,26.64138889
image_006,Watershed,0.203207297,0.338708423,0.008677483
image_006,U-Net,0.386340476,0.772408147,0.247419119
image_006,SegFormer,0.408489238,0.773570771,0.371646166
image_006,SAM,0.514436668,0.797953127,23.81319523
image_007,Watershed,0.400230504,0.797219834,0.008315325
image_007,U-Net,0.042858095,0.085631031,0.254031181
image_007,SegFormer,0.043840424,0.087298175,0.396544933
image_007,SAM,0.241908122,0.463939047,23.14701486
image_008,Watershed,0.310937378,0.586925942,0.011549473
image_008,U-Net,0.019346625,0.038681976,0.244416952
image_008,SegFormer,0.019269297,0.038538595,0.384427309
image_008,SAM,0.382137126,0.672253374,25.58108091
image_009,Watershed,0.097115506,0.193869828,0.010402679
image_009,U-Net,0.123249689,0.246481386,0.305147886
image_009,SegFormer,0.397034575,0.570585998,0.460393429
image_009,SAM,0.563550345,0.73381673,28.31684709
image_010,Watershed,0.327398165,0.65479633,0.008263826
image_010,U-Net,0.062372504,0.124743945,0.420099974
image_010,SegFormer,0.229861845,0.380890255,0.523179293
image_010,SAM,0.209065745,0.349821607,22.39724326
image_011,Watershed,0.255900968,0.428337793,0.014514685
image_011,U-Net,0.052544977,0.105078561,0.298541069
image_011,SegFormer,0.052513665,0.10502733,0.406402349
image_011,SAM,0.066968279,0.128609317,24.46717978
image_012,Watershed,0.621295364,0.767833421,0.014074564
image_012,U-Net,0.280499622,0.560999245,0.262352705
image_012,SegFormer,0.522846559,0.723754073,0.351273775
image_012,SAM,0.340811293,0.579221293,22.92847085
image_013,Watershed,0.22361943,0.400521238,0.013990879
image_013,U-Net,0.16659702,0.333184144,0.253859758
image_013,SegFormer,0.475630064,0.644683059,0.348586321
image_013,SAM,0.228279423,0.396718896,24.31176329
image_014,Watershed,0.377408293,0.57908612,0.01520896
image_014,U-Net,0.139159381,0.278301026,0.298485518
image_014,SegFormer,0.598922351,0.757457951,0.474129915
image_014,SAM,0.366441221,0.53666965,26.7668345
image_015,Watershed,0.050440518,0.099809277,0.012999296
image_015,U-Net,0.409016046,0.818032093,0.371116877
image_015,SegFormer,0.971888866,0.991322284,0.474189758
image_015,SAM,0.122602863,0.236256074,26.78603768
image_016,Watershed,0.020696027,0.040691781,0.017748594
image_016,U-Net,0.190375474,0.380742873,0.437957287
image_016,SegFormer,0.085746796,0.169725477,0.497351885
image_016,SAM,0.166969514,0.313722071,27.23895884
image_017,Watershed,0.631231325,0.868897078,0.008959532
image_017,U-Net,0.092340287,0.184680574,0.366669893
image_017,SegFormer,0.407451999,0.594120204,0.422538519
image_017,SAM,0.05636771,0.112571422,27.84783077
image_018,Watershed,0.323023876,0.646047752,0.016684055
image_018,U-Net,0.044063839,0.088109875,0.446329355
image_018,SegFormer,0.049285302,0.096920091,0.614315748
image_018,SAM,0.20455075,0.368740135,28.6878221
image_019,Watershed,0.348247156,0.696494311,0.010318756
image_019,U-Net,0.032691065,0.065381079,0.350836277
image_019,SegFormer,0.03268666,0.065373321,0.437052727
image_019,SAM,0.032543332,0.065066859,21.89884019
image_020,Watershed,0.328887783,0.657775566,0.010886192
image_020,U-Net,0.000669905,0.00133979,0.376751184
image_020,SegFormer,0.000666067,0.001332134,0.459134579
image_020,SAM,0.069667158,0.139334316,21.96123457
image_021,Watershed,0.142015395,0.283915029,0.018015385
image_021,U-Net,0.028141944,0.056272249,0.401563883
image_021,SegFormer,0.125887158,0.229658722,0.520368814
image_021,SAM,0.086402089,0.160114533,28.49624252
image_022,Watershed,0.240415279,0.470055324,0.010532618
image_022,U-Net,0.032827237,0.06565335,0.398801088
image_022,SegFormer,0.03282254,0.06564508,0.522354126
image_022,SAM,0.053513691,0.103801593,28.40643668
image_023,Watershed,0.616613731,0.794041107,0.013656139
image_023,U-Net,0.168313409,0.336597488,0.364827156
image_023,SegFormer,0.168285711,0.336571421,0.387469769
image_023,SAM,0.074521688,0.140335481,24.26030326
image_024,Watershed,0.00399337,0.007985875,0.016579866
image_024,U-Net,0.010193826,0.020387653,0.388841629
image_024,SegFormer,0.010193826,0.020387653,0.429858208
image_024,SAM,0.006561053,0.013115772,25.62284613
image_025,Watershed,0.223608315,0.38809517,0.01590538
image_025,U-Net,0.093712765,0.187410118,0.263590336
image_025,SegFormer,0.100599526,0.197112292,0.361989737
image_025,SAM,0.308647194,0.489455851,24.15773964
image_026,Watershed,0.411420099,0.638730521,0.013602257
image_026,U-Net,0.055175098,0.110339066,0.301166296
image_026,SegFormer,0.055145778,0.110291556,0.410228491
image_026,SAM,0.13933521,0.258595433,26.9416883
image_027,Watershed,0.232127334,0.400971366,0.014865637
image_027,U-Net,0.172792377,0.345498984,0.314101458
image_027,SegFormer,0.191630979,0.365503935,0.402491808
image_027,SAM,0.036380819,0.071453552,28.80185366
image_028,Watershed,0.366881925,0.733763851,0.012017012
image_028,U-Net,0.024689044,0.049374136,0.333943129
image_028,SegFormer,0.024667546,0.049335093,0.37880373
image_028,SAM,0.281651035,0.499547098,23.89282393
image_029,Watershed,0.400559397,0.575891474,0.012265682
image_029,U-Net,0.151084405,0.30189567,0.255579948
image_029,SegFormer,0.473799643,0.643410245,0.377994299
image_029,SAM,0.16128138,0.312665896,20.93579388
image_030,Watershed,0.379094928,0.736364826,0.011903048
image_030,U-Net,0.006482354,0.012963778,0.249175072
image_030,SegFormer,0.253265083,0.496971284,0.33996129
image_030,SAM,0.081024723,0.161452197,25.17905736
image_031,Watershed,0.566963112,0.804390729,0.018787384
image_031,U-Net,0.094962018,0.189893903,0.334233999
image_031,SegFormer,0.093745892,0.187490132,0.372303724
image_031,SAM,0.107333828,0.199402412,23.85339355
image_032,Watershed,0.402418562,0.750239231,0.009156227
image_032,U-Net,0.051799006,0.103566393,0.383373737
image_032,SegFormer,0.571044996,0.811189357,0.501243353
image_032,SAM,0.493285683,0.789176226,25.64428258
image_033,Watershed,0.392455742,0.718747067,0.015549898
image_033,U-Net,0.016166796,0.032328463,0.317400932
image_033,SegFormer,0.016125121,0.032250242,0.409930468
image_033,SAM,0.13999692,0.2789689,25.04043841
image_034,Watershed,0.415453499,0.589390372,0.009204626
image_034,U-Net,0.306692515,0.61337644,0.38557744
image_034,SegFormer,0.306838548,0.613677096,0.403172731
image_034,SAM,0.174787326,0.348971328,22.29867291
image_035,Watershed,0.594695824,0.82690857,0.011148691
image_035,U-Net,0.055002805,0.110005609,0.245827675
image_035,SegFormer,0.285300263,0.466590588,0.341930866
image_035,SAM,0.35516365,0.563269569,22.19650698
image_036,Watershed,0.504383231,0.682844643,0.010204315
image_036,U-Net,0.247825644,0.495627226,0.236567736
image_036,SegFormer,0.343921666,0.560785431,0.325636625
image_036,SAM,0.187340325,0.335399329,21.19035411
image_037,Watershed,0.007281982,0.014459831,0.01166749
image_037,U-Net,0.058832942,0.117665883,0.307936668
image_037,SegFormer,0.058832942,0.117665883,0.3618505
image_037,SAM,0.059504949,0.118689133,24.49386024
image_038,Watershed,0.528800798,0.895018629,0.010885954
image_038,U-Net,0.02464823,0.049269702,0.45398283
image_038,SegFormer,0.024512553,0.049023138,0.523142338
image_038,SAM,0.062366502,0.120460096,25.9363842
image_039,Watershed,0.435436526,0.7244641,0.010606289
image_039,U-Net,0.039638152,0.079260806,0.290675879
image_039,SegFormer,0.327087152,0.546004114,0.339054108
image_039,SAM,0.240520624,0.417239519,21.31735563
image_040,Watershed,0.133793104,0.23601032,0.014184237
image_040,U-Net,0.156745818,0.313482337,0.305812836
image_040,SegFormer,0.219727489,0.383584691,0.356250048
image_040,SAM,0.149827133,0.278147401,21.34263468
image_041,Watershed,0.704796945,0.865665848,0.010674477
image_041,U-Net,0.145106009,0.290128151,0.27983427
image_041,SegFormer,0.148359489,0.293966269,0.351348162
image_041,SAM,0.30299247,0.470695824,21.09781647
image_042,Watershed,0.134225199,0.240130713,0.011799812
image_042,U-Net,0.33163422,0.663163439,0.281827211
image_042,SegFormer,0.34430408,0.598988134,0.359782457
image_042,SAM,0.033609671,0.065591758,21.1692965
image_043,Watershed,0.937213305,0.972836464,0.009772301
image_043,U-Net,0.150222229,0.300444458,0.279292345
image_043,SegFormer,0.946404566,0.976269305,0.342286348
image_043,SAM,0.457477011,0.627965845,22.16420698
image_044,Watershed,0.328946385,0.63159978,0.014535666
image_044,U-Net,0.05042033,0.100784639,0.242478132
image_044,SegFormer,0.110270559,0.198868443,0.355061531
image_044,SAM,0.453209389,0.728810468,22.83170652
image_045,Watershed,0.166207728,0.330002917,0.013765812
image_045,U-Net,0.135422036,0.270753029,0.317257166
image_045,SegFormer,0.525804069,0.69485894,0.367112875
image_045,SAM,0.418743487,0.594493185,21.88217258
image_046,Watershed,0.608547957,0.844043416,0.007242441
image_046,U-Net,0.127638562,0.255225074,0.236606359
image_046,SegFormer,0.400038241,0.572759156,0.333679438
image_046,SAM,0.202734114,0.347419922,21.00634909
image_047,Watershed,0.42736005,0.791194978,0.013547182
image_047,U-Net,0.016588091,0.033173024,0.242673874
image_047,SegFormer,0.067373909,0.128023359,0.334527254
image_047,SAM,0.254979258,0.469821058,20.83306241
image_048,Watershed,0.097420971,0.181353027,0.012121201
image_048,U-Net,0.290465744,0.580665047,0.241005182
image_048,SegFormer,0.921350918,0.960636361,0.33871603
image_048,SAM,0.550678703,0.715803404,20.53636265
image_049,Watershed,0.614800171,0.944769816,0.007021666
image_049,U-Net,0.020521911,0.041035692,0.237726688
image_049,SegFormer,0.026753148,0.052531286,0.333185196
image_049,SAM,0.021254597,0.042381252,20.53423452
image_050,Watershed,0.28338317,0.464561507,0.014445305
image_050,U-Net,0.135981785,0.271955131,0.245293617
image_050,SegFormer,0.537983668,0.70889623,0.375308514
image_050,SAM,0.425925193,0.603753029,20.95845246
image_051,Watershed,0.255959753,0.496537754,0.011228085
image_051,U-Net,0.05455211,0.109093274,0.233392477
image_051,SegFormer,0.05452299,0.109045981,0.336581469
image_051,SAM,0.158083117,0.274351001,21.15977621
image_052,Watershed,0.270107027,0.460610866,0.015227795
image_052,U-Net,0.141881393,0.283706659,0.248509407
image_052,SegFormer,0.36359423,0.533417579,0.330688
image_052,SAM,0.288555508,0.449415234,22.836519
image_053,Watershed,0.369626538,0.539984804,0.01631856
image_053,U-Net,0.235575554,0.470963627,0.298975945
image_053,SegFormer,0.235416855,0.470833711,0.560736656
image_053,SAM,0.245079576,0.478735005,25.35565114
image_054,Watershed,0.161319014,0.30386911,0.013330698
image_054,U-Net,0.201173757,0.402121496,0.259871483
image_054,SegFormer,0.20098239,0.401964779,0.361860037
image_054,SAM,0.086313517,0.169983836,25.60336018
image_055,Watershed,0.003943263,0.007886162,0.01164794
image_055,U-Net,0.006560902,0.013121805,0.342483997
image_055,SegFormer,0.006560902,0.013121805,0.414178371
image_055,SAM,0.00658267,0.013164121,23.14567804
image_056,Watershed,0.272821928,0.545643856,0.009326935
image_056,U-Net,0.074787135,0.149571708,0.345821857
image_056,SegFormer,0.074781917,0.149563834,0.404616594
image_056,SAM,0.194076558,0.325380267,28.34708762
image_057,Watershed,0.581827014,0.765992997,0.015634537
image_057,U-Net,0.105311368,0.210615282,0.447375298
image_057,SegFormer,0.377326534,0.553390668,0.523841858
image_057,SAM,0.248967354,0.39882651,24.74099803
image_058,Watershed,0.648494717,0.825482886,0.012300014
image_058,U-Net,0.178205607,0.356378346,0.387825489
image_058,SegFormer,0.178726889,0.356924139,0.463455915
image_058,SAM,0.09694422,0.189839433,26.34954739
image_059,Watershed,0.323338112,0.500940816,0.015026569
image_059,U-Net,0.128481055,0.256945433,0.318855047
image_059,SegFormer,0.47404319,0.648016381,0.369605541
image_059,SAM,0.258959639,0.414741552,24.40322375
image_060,Watershed,0.930832979,0.974174754,0.007742405
image_060,U-Net,0.11160349,0.223106883,0.266412258
image_060,SegFormer,0.224607914,0.367604042,0.367315769
image_060,SAM,0.364511573,0.561347481,23.41229606
image_061,Watershed,0.39419548,0.612094477,0.014316082
image_061,U-Net,0.245058266,0.489962042,0.36467433
image_061,SegFormer,0.230969066,0.460866168,0.474043846
image_061,SAM,0.642254938,0.783931376,25.01235485
image_062,Watershed,0.378283038,0.629094172,0.014444351
image_062,U-Net,0.078963718,0.157922986,0.263813972
image_062,SegFormer,0.324844842,0.517510262,0.35379529
image_062,SAM,0.128953531,0.235096096,27.13010812
image_063,Watershed,0.271470127,0.542757983,0.012529373
image_063,U-Net,0.03788994,0.075732673,0.301923275
image_063,SegFormer,0.037716035,0.075432069,0.424572945
image_063,SAM,0.057187025,0.10900992,23.03145671
image_064,Watershed,0.088538371,0.173501905,0.010211468
image_064,U-Net,0.223547805,0.447060515,0.319943428
image_064,SegFormer,0.620818552,0.769014208,0.363195419
image_064,SAM,0.334716251,0.532517631,23.09751153
image_065,Watershed,0.474491276,0.834720552,0.009329319
image_065,U-Net,0.012079187,0.024138404,0.260444164
image_065,SegFormer,0.156627338,0.298105256,0.370707989
image_065,SAM,0.224521856,0.426067055,26.61811352
image_066,Watershed,0.715120259,0.880222655,0.013860226
image_066,U-Net,0.370972346,0.741859237,0.425358534
image_066,SegFormer,0.632534815,0.827938987,0.546663046
image_066,SAM,0.322829088,0.539988812,27.60428548
image_067,Watershed,0.154260855,0.300720251,0.01990509
image_067,U-Net,0.031564882,0.063126727,0.392021894
image_067,SegFormer,0.031551721,0.063103443,0.448978901
image_067,SAM,0.232515167,0.409343858,22.40351057
image_068,Watershed,0.274830221,0.507877079,0.014711857
image_068,U-Net,0.108333528,0.216647477,0.308122635
image_068,SegFormer,0.108303887,0.216607774,0.360606909
image_068,SAM,0.176824028,0.32377814,22.08202887
image_069,Watershed,0.115130606,0.228752454,0.011167049
image_069,U-Net,0.498532641,0.997065283,0.28443718
image_069,SegFormer,0.366752182,0.733504363,0.378693819
image_069,SAM,0.367311916,0.734623831,21.84586239
image_070,Watershed,0.228060921,0.379553443,0.011408091
image_070,U-Net,0.267261386,0.534522772,0.275295258
image_070,SegFormer,0.89279899,0.944126651,0.356910467
image_070,SAM,0.253600007,0.490539825,22.18275023
image_071,Watershed,0.577512169,0.806354477,0.011807442
image_071,U-Net,0.087767723,0.175468617,0.305409908
image_071,SegFormer,0.216287886,0.355710532,0.36022377
image_071,SAM,0.256567953,0.429134737,22.28712773
image_072,Watershed,0.196830407,0.33318419,0.011029482
image_072,U-Net,0.329382655,0.658488878,0.284155369
image_072,SegFormer,0.329190985,0.65838197,0.353392363
image_072,SAM,0.390625683,0.690889869,21.74567509
image_073,Watershed,0.232250405,0.441283616,0.011986971
image_073,U-Net,0.032177414,0.064354827,0.313740969
image_073,SegFormer,0.123788488,0.224319558,0.372668982
image_073,SAM,0.032112272,0.064091855,22.99898195
image_074,Watershed,0.361506021,0.723012043,0.013357878
image_074,U-Net,0.004343114,0.008685026,0.387954235
image_074,SegFormer,0.004307819,0.008615638,0.423431635
image_074,SAM,0.088651226,0.174459932,22.48216462
image_075,Watershed,0.255432292,0.450334699,0.011336327
image_075,U-Net,0.106205391,0.212408896,0.282816172
image_075,SegFormer,0.374737992,0.550697551,0.356619358
image_075,SAM,0.323514457,0.490467328,21.73851991
image_076,Watershed,0.435067397,0.609983245,0.012657166
image_076,U-Net,0.2752234,0.550192827,0.271458149
image_076,SegFormer,0.2648919,0.514301861,0.352242231
image_076,SAM,0.196168554,0.328996541,23.16328859
image_077,Watershed,0.725161544,0.966785387,0.006894588
image_077,U-Net,0.015828705,0.031656167,0.276859283
image_077,SegFormer,0.015818416,0.031636832,0.365962744
image_077,SAM,0.046069415,0.08838668,21.62662292
image_078,Watershed,0.378272722,0.693234469,0.012504816
image_078,U-Net,0.023011751,0.046012486,0.261329412
image_078,SegFormer,0.022947643,0.045895286,0.355199814
image_078,SAM,0.025859706,0.050887981,21.14420605
image_079,Watershed,0.315293513,0.496621023,0.011016369
image_079,U-Net,0.262142015,0.524277169,0.27052784
image_079,SegFormer,0.702930541,0.832088891,0.382386208
image_079,SAM,0.379821904,0.582647836,21.27501464
image_080,Watershed,0.450843347,0.901686695,0.00676918
image_080,U-Net,0.006900574,0.013800933,0.283404827
image_080,SegFormer,0.006896605,0.01379321,0.355204105
image_080,SAM,0.023706091,0.046557876,20.83718085
image_081,Watershed,0.337524499,0.675048997,0.009375334
image_081,U-Net,0.018212529,0.036419633,0.26251626
image_081,SegFormer,0.018173203,0.036346406,0.346105814
image_081,SAM,0.034187007,0.066739894,21.30696416
image_082,Watershed,0.406813465,0.673305339,0.010295153
image_082,U-Net,0.065623911,0.131207693,0.263969898
image_082,SegFormer,0.299129344,0.479309009,0.348822117
image_082,SAM,0.104087394,0.189101348,21.31636024
image_083,Watershed,0.311565317,0.609775158,0.015009165
image_083,U-Net,0.022019646,0.044029104,0.319247246
image_083,SegFormer,0.207965437,0.378567698,0.348407984
image_083,SAM,0.194711252,0.377915805,21.06987476
image_084,Watershed,0.307844965,0.612885556,0.015284777
image_084,U-Net,0.021747085,0.043492695,0.285542965
image_084,SegFormer,0.076803889,0.144163696,0.341469288
image_084,SAM,0.353932617,0.685276555,20.8538475
image_085,Watershed,0.544796615,0.863260284,0.007682562
image_085,U-Net,0.049965677,0.099931353,0.272493124
image_085,SegFormer,0.049965677,0.099931353,0.363988161
image_085,SAM,0.036474538,0.071083617,21.88626814
image_086,Watershed,0.026098993,0.052172784,0.014356136
image_086,U-Net,0.062745476,0.125490952,0.264785767
image_086,SegFormer,0.616477245,0.845457265,0.345663309
image_086,SAM,0.462013436,0.68484994,21.14614439
image_087,Watershed,0.474789571,0.645240527,0.014700651
image_087,U-Net,0.304932991,0.609806689,0.263009548
image_087,SegFormer,0.504779782,0.731056855,0.357149124
image_087,SAM,0.489837719,0.713281451,21.65434146
image_088,Watershed,0.271505583,0.437199083,0.01000762
image_088,U-Net,0.156972797,0.313931498,0.286116362
image_088,SegFormer,0.156961181,0.313922362,0.383907557
image_088,SAM,0.080582159,0.158879743,21.71569228
image_089,Watershed,0.37195656,0.558138109,0.015320539
image_089,U-Net,0.140144554,0.280272687,0.285036087
image_089,SegFormer,0.140124082,0.280248165,0.345304489
image_089,SAM,0.23326569,0.378422894,21.76992798
image_090,Watershed,0.23441363,0.468730312,0.010487318
image_090,U-Net,0.0656517,0.131275271,0.288740396
image_090,SegFormer,0.065587792,0.131175584,0.360823631
image_090,SAM,0.029917178,0.058364502,21.57750654
image_091,Watershed,0.645188953,0.7929414,0.013282299
image_091,U-Net,0.215999301,0.431813372,0.269162416
image_091,SegFormer,0.26854619,0.477705933,0.350268602
image_091,SAM,0.375100825,0.545609648,21.54135585
image_092,Watershed,0.181469368,0.322687882,0.012271643
image_092,U-Net,0.356882652,0.713400945,0.267326832
image_092,SegFormer,0.356667111,0.713334223,0.345418215
image_092,SAM,0.222484522,0.363996735,21.13939881
image_093,Watershed,0.912785373,0.981436173,0.006933928
image_093,U-Net,0.06037653,0.120749996,0.26096344
image_093,SegFormer,0.060369059,0.120738119,0.344568014
image_093,SAM,0.061512703,0.122476127,21.360744
image_094,Watershed,0.327379315,0.493771304,0.01576829
image_094,U-Net,0.281977353,0.563394558,0.280124903
image_094,SegFormer,0.281560362,0.563120724,0.35893321
image_094,SAM,0.491525476,0.660650498,21.11207175
image_095,Watershed,0.262712222,0.420429603,0.014433622
image_095,U-Net,0.343705317,0.686465468,0.272681952
image_095,SegFormer,0.655664126,0.840213156,0.337298155
image_095,SAM,0.280588566,0.560148792,21.2251687
image_096,Watershed,0.710162435,0.886275606,0.011327267
image_096,U-Net,0.085519498,0.17100587,0.28194952
image_096,SegFormer,0.085459011,0.170918021,0.34710598
image_096,SAM,0.021850601,0.042818352,21.249686
image_097,Watershed,0.133244261,0.262141387,0.014602184
image_097,U-Net,0.162004294,0.323936024,0.270991802
image_097,SegFormer,0.035867589,0.070036113,0.356450558
image_097,SAM,0.324464068,0.635969976,20.73885632
image_098,Watershed,0.018209093,0.036403505,0.017764807
image_098,U-Net,0.056918474,0.113834112,0.278440952
image_098,SegFormer,0.056911204,0.113822407,0.347343445
image_098,SAM,0.079107759,0.149433853,20.97097039
image_099,Watershed,0.798313371,0.887997901,0.010145187
image_099,U-Net,0.28816693,0.5756763,0.267633438
image_099,SegFormer,0.708241874,0.842648896,0.337282658
image_099,SAM,0.591676405,0.771955035,21.12125468
image_100,Watershed,0.301603785,0.596689841,0.010567427
image_100,U-Net,0.05822772,0.116450582,0.273015499
image_100,SegFormer,0.151872438,0.264221627,0.335242033
image_100,SAM,0.023788649,0.046481586,21.39545774
