image_id,method,task,mIoU,pixel_accuracy,inference_time_sec
image_001,Watershed-Binary,binary,0.317270133,0.498940087,0.078766108
image_001,Watershed-Semantic-Oracle,semantic-oracle,0.177831201,0.541206388,0.050517082
image_001,U-Net-Semantic,semantic,0.321243001,0.863375038,0.877692938
image_001,SegFormer-Semantic,semantic,0.105973134,0.654110467,0.853470802
image_001,SAM-Class-Agnostic,class-agnostic-binary,0.607099331,0.797587224,36.47012615
image_002,Watershed-Binary,binary,0.225750064,0.376179688,0.014879465
image_002,Watershed-Semantic-Oracle,semantic-oracle,0.225750064,0.376179688,0.021565914
image_002,U-Net-Semantic,semantic,0.080591333,0.482124468,0.648617506
image_002,SegFormer-Semantic,semantic,0.067343399,0.403987417,0.640199423
image_002,SAM-Class-Agnostic,class-agnostic-binary,0.469316733,0.674060793,38.29991412
image_003,Watershed-Binary,binary,0.27521053,0.468312837,0.022208452
image_003,Watershed-Semantic-Oracle,semantic-oracle,0.355880507,0.78074287,0.028028727
image_003,U-Net-Semantic,semantic,0.231221306,0.916676734,0.927243948
image_003,SegFormer-Semantic,semantic,0.032178095,0.326519929,0.801516533
image_003,SAM-Class-Agnostic,class-agnostic-binary,0.183464789,0.330136026,39.33073187
image_004,Watershed-Binary,binary,0.366889136,0.657825313,0.02325058
image_004,Watershed-Semantic-Oracle,semantic-oracle,0.635262364,0.935463407,0.030690432
image_004,U-Net-Semantic,semantic,0.128568807,0.956939502,0.569470406
image_004,SegFormer-Semantic,semantic,0.001489707,0.007384342,0.697226524
image_004,SAM-Class-Agnostic,class-agnostic-binary,0.661706918,0.927173913,31.60881519
image_005,Watershed-Binary,binary,0.796306564,0.948586349,0.017929792
image_005,Watershed-Semantic-Oracle,semantic-oracle,0.848047752,0.965518988,0.026544571
image_005,U-Net-Semantic,semantic,0.170282063,0.873424134,0.730809212
image_005,SegFormer-Semantic,semantic,2.94E-05,0.000202646,0.781007051
image_005,SAM-Class-Agnostic,class-agnostic-binary,0.473063958,0.694226535,32.93864346
image_006,Watershed-Binary,binary,0.203207297,0.338708423,0.017722607
image_006,Watershed-Semantic-Oracle,semantic-oracle,0.283183153,0.354997441,0.016294479
image_006,U-Net-Semantic,semantic,0.227003059,0.548742196,0.563967228
image_006,SegFormer-Semantic,semantic,0.015959493,0.042452154,0.636821985
image_006,SAM-Class-Agnostic,class-agnostic-binary,0.514436668,0.797953127,34.13846564
image_007,Watershed-Binary,binary,0.400230504,0.797219834,0.03104353
image_007,Watershed-Semantic-Oracle,semantic-oracle,0.45742333,0.914846661,0.037837029
image_007,U-Net-Semantic,semantic,0.052664459,0.88713576,1.542314768
image_007,SegFormer-Semantic,semantic,0.013267123,0.078604185,1.162482262
image_007,SAM-Class-Agnostic,class-agnostic-binary,0.241908122,0.463939047,56.37767601
image_008,Watershed-Binary,binary,0.310937378,0.586925942,0.025743484
image_008,Watershed-Semantic-Oracle,semantic-oracle,0.574206441,0.933273397,0.025276899
image_008,U-Net-Semantic,semantic,0.142593864,0.961259896,0.840513468
image_008,SegFormer-Semantic,semantic,4.02E-05,0.000275137,0.750504732
image_008,SAM-Class-Agnostic,class-agnostic-binary,0.382137126,0.672253374,46.83496809
image_009,Watershed-Binary,binary,0.097115506,0.193869828,0.023454428
image_009,Watershed-Semantic-Oracle,semantic-oracle,0.376774993,0.753549986,0.020571232
image_009,U-Net-Semantic,semantic,0.975764646,0.990780428,0.837398052
image_009,SegFormer-Semantic,semantic,0.076562962,0.630185764,0.846438646
image_009,SAM-Class-Agnostic,class-agnostic-binary,0.563550345,0.73381673,29.57372284
image_010,Watershed-Binary,binary,0.327398165,0.65479633,0.006896734
image_010,Watershed-Semantic-Oracle,semantic-oracle,0.437630016,0.875260032,0.011667967
image_010,U-Net-Semantic,semantic,0.092956601,0.876556714,0.35291481
image_010,SegFormer-Semantic,semantic,0.144482541,0.866895243,0.401209831
image_010,SAM-Class-Agnostic,class-agnostic-binary,0.209065745,0.349821607,25.4456172
image_011,Watershed-Binary,binary,0.255900968,0.428337793,0.012937307
image_011,Watershed-Semantic-Oracle,semantic-oracle,0.4810155,0.732294791,0.01551652
image_011,U-Net-Semantic,semantic,0.115011999,0.896024875,0.372056723
image_011,SegFormer-Semantic,semantic,0.000747192,0.005154619,0.392040014
image_011,SAM-Class-Agnostic,class-agnostic-binary,0.066968279,0.128609317,25.03416181
image_012,Watershed-Binary,binary,0.621295364,0.767833421,0.014520168
image_012,Watershed-Semantic-Oracle,semantic-oracle,0.347722778,0.58825762,0.022911787
image_012,U-Net-Semantic,semantic,0.155445628,0.597548321,0.402771235
image_012,SegFormer-Semantic,semantic,0.073117402,0.292856941,0.415994883
image_012,SAM-Class-Agnostic,class-agnostic-binary,0.340811293,0.579221293,24.22105932
image_013,Watershed-Binary,binary,0.22361943,0.400521238,0.015202045
image_013,Watershed-Semantic-Oracle,semantic-oracle,0.352195679,0.699357563,0.020597696
image_013,U-Net-Semantic,semantic,0.134052066,0.666827738,0.395806789
image_013,SegFormer-Semantic,semantic,0.036605027,0.394968235,0.411046982
image_013,SAM-Class-Agnostic,class-agnostic-binary,0.228279423,0.396718896,28.06523991
image_014,Watershed-Binary,binary,0.377408293,0.57908612,0.020642757
image_014,Watershed-Semantic-Oracle,semantic-oracle,0.391966027,0.784956292,0.024132252
image_014,U-Net-Semantic,semantic,0.326772989,0.916186837,0.437363386
image_014,SegFormer-Semantic,semantic,0.116829658,0.675421604,0.503722429
image_014,SAM-Class-Agnostic,class-agnostic-binary,0.366441221,0.53666965,31.71029067
image_015,Watershed-Binary,binary,0.050440518,0.099809277,0.031223297
image_015,Watershed-Semantic-Oracle,semantic-oracle,0.1098257,0.197952152,0.035390139
image_015,U-Net-Semantic,semantic,0.045463993,0.181831954,0.695388079
image_015,SegFormer-Semantic,semantic,0.028951419,0.181831954,0.789532661
image_015,SAM-Class-Agnostic,class-agnostic-binary,0.122602863,0.236256074,35.07796288
image_016,Watershed-Binary,binary,0.020696027,0.040691781,0.029194832
image_016,Watershed-Semantic-Oracle,semantic-oracle,0.114492272,0.320262763,0.03827405
image_016,U-Net-Semantic,semantic,0.581512059,0.895385426,0.596988201
image_016,SegFormer-Semantic,semantic,0.023649179,0.118502899,0.710915565
image_016,SAM-Class-Agnostic,class-agnostic-binary,0.166969514,0.313722071,30.33156681
image_017,Watershed-Binary,binary,0.631231325,0.868897078,0.014269352
image_017,Watershed-Semantic-Oracle,semantic-oracle,0.631778591,0.869269118,0.017054796
image_017,U-Net-Semantic,semantic,0.217149213,0.783645129,0.565423489
image_017,SegFormer-Semantic,semantic,0.134472284,0.530305582,0.675853968
image_017,SAM-Class-Agnostic,class-agnostic-binary,0.05636771,0.112571422,30.96256518
image_018,Watershed-Binary,binary,0.323023876,0.646047752,0.026244402
image_018,Watershed-Semantic-Oracle,semantic-oracle,0.455993301,0.911986601,0.029542208
image_018,U-Net-Semantic,semantic,0.239030493,0.840393469,0.450448275
image_018,SegFormer-Semantic,semantic,0.014137371,0.14182402,0.525485754
image_018,SAM-Class-Agnostic,class-agnostic-binary,0.20455075,0.368740135,29.29294872
image_019,Watershed-Binary,binary,0.348247156,0.696494311,0.017282963
image_019,Watershed-Semantic-Oracle,semantic-oracle,0.46731334,0.934626679,0.020442486
image_019,U-Net-Semantic,semantic,0.096241704,0.947377813,0.535030127
image_019,SegFormer-Semantic,semantic,0,0,0.54837966
image_019,SAM-Class-Agnostic,class-agnostic-binary,0.032543332,0.065066859,28.38848209
image_020,Watershed-Binary,binary,0.328887783,0.657775566,0.018321276
image_020,Watershed-Semantic-Oracle,semantic-oracle,0.499333933,0.998667866,0.025411606
image_020,U-Net-Semantic,semantic,0.119877045,0.957819588,0.467827559
image_020,SegFormer-Semantic,semantic,0.007555762,0.075456964,0.639231682
image_020,SAM-Class-Agnostic,class-agnostic-binary,0.069667158,0.139334316,30.12248397
image_021,Watershed-Binary,binary,0.142015395,0.283915029,0.023040771
image_021,Watershed-Semantic-Oracle,semantic-oracle,0.471914177,0.943828355,0.027991772
image_021,U-Net-Semantic,semantic,0.281112314,0.955893051,0.510793209
image_021,SegFormer-Semantic,semantic,0.150069282,0.745933292,0.548134565
image_021,SAM-Class-Agnostic,class-agnostic-binary,0.086402089,0.160114533,30.03960133
image_022,Watershed-Binary,binary,0.240415279,0.470055324,0.017356157
image_022,Watershed-Semantic-Oracle,semantic-oracle,0.46717746,0.93435492,0.021844625
image_022,U-Net-Semantic,semantic,0.131366367,0.869032359,0.389256239
image_022,SegFormer-Semantic,semantic,0.098098553,0.445610016,0.46937871
image_022,SAM-Class-Agnostic,class-agnostic-binary,0.053513691,0.103801593,26.32285333
image_023,Watershed-Binary,binary,0.616613731,0.794041107,0.020145416
image_023,Watershed-Semantic-Oracle,semantic-oracle,0.694554618,0.852769825,0.025868177
image_023,U-Net-Semantic,semantic,0.144460819,0.672682327,0.481903791
image_023,SegFormer-Semantic,semantic,3.67E-05,0.000238947,0.533444166
image_023,SAM-Class-Agnostic,class-agnostic-binary,0.074521688,0.140335481,27.24617839
image_024,Watershed-Binary,binary,0.00399337,0.007985875,0.020941496
image_024,Watershed-Semantic-Oracle,semantic-oracle,0.489806174,0.979612347,0.024364471
image_024,U-Net-Semantic,semantic,0.10455225,0.930067325,0.392289162
image_024,SegFormer-Semantic,semantic,0,0,0.511949062
image_024,SAM-Class-Agnostic,class-agnostic-binary,0.006561053,0.013115772,30.28452969
image_025,Watershed-Binary,binary,0.223608315,0.38809517,0.032497406
image_025,Watershed-Semantic-Oracle,semantic-oracle,0.229006324,0.690755483,0.041013956
image_025,U-Net-Semantic,semantic,0.369420006,0.929618264,0.845461607
image_025,SegFormer-Semantic,semantic,0.001550441,0.018302201,1.13311553
image_025,SAM-Class-Agnostic,class-agnostic-binary,0.308647194,0.489455851,25.8754797
image_026,Watershed-Binary,binary,0.411420099,0.638730521,0.017777205
image_026,Watershed-Semantic-Oracle,semantic-oracle,0.234531745,0.722725041,0.021208286
image_026,U-Net-Semantic,semantic,0.121672275,0.866507507,0.38548398
image_026,SegFormer-Semantic,semantic,0.014877957,0.117556696,0.445650578
image_026,SAM-Class-Agnostic,class-agnostic-binary,0.13933521,0.258595433,23.91557312
image_027,Watershed-Binary,binary,0.232127334,0.400971366,0.02098155
image_027,Watershed-Semantic-Oracle,semantic-oracle,0.232127334,0.400971366,0.02118969
image_027,U-Net-Semantic,semantic,0.143049483,0.860680506,0.378254414
image_027,SegFormer-Semantic,semantic,0.005601163,0.03076385,0.454068899
image_027,SAM-Class-Agnostic,class-agnostic-binary,0.036380819,0.071453552,23.85963988
image_028,Watershed-Binary,binary,0.366881925,0.733763851,0.012656212
image_028,Watershed-Semantic-Oracle,semantic-oracle,0.475332454,0.950664907,0.014604092
image_028,U-Net-Semantic,semantic,0.146674631,0.951922101,0.363428354
image_028,SegFormer-Semantic,semantic,0.002844289,0.011349882,0.394331217
image_028,SAM-Class-Agnostic,class-agnostic-binary,0.281651035,0.499547098,21.63805246
image_029,Watershed-Binary,binary,0.400559397,0.575891474,0.013667822
image_029,Watershed-Semantic-Oracle,semantic-oracle,0.267192453,0.575891474,0.017924786
image_029,U-Net-Semantic,semantic,0.229234714,0.783634902,0.362049818
image_029,SegFormer-Semantic,semantic,0.097956321,0.342306561,0.370563984
image_029,SAM-Class-Agnostic,class-agnostic-binary,0.16128138,0.312665896,22.02165341
image_030,Watershed-Binary,binary,0.379094928,0.736364826,0.011612654
image_030,Watershed-Semantic-Oracle,semantic-oracle,0.493535962,0.987071924,0.015045404
image_030,U-Net-Semantic,semantic,0.111594582,0.886130582,0.335860729
image_030,SegFormer-Semantic,semantic,0.125279517,0.622285163,0.375267744
image_030,SAM-Class-Agnostic,class-agnostic-binary,0.081024723,0.161452197,21.66107988
image_031,Watershed-Binary,binary,0.566963112,0.804390729,0.01488018
image_031,Watershed-Semantic-Oracle,semantic-oracle,0.727661889,0.913484006,0.017616749
image_031,U-Net-Semantic,semantic,0.078468755,0.797005747,0.333605766
image_031,SegFormer-Semantic,semantic,0.075839916,0.517777637,0.357832432
image_031,SAM-Class-Agnostic,class-agnostic-binary,0.107333828,0.199402412,22.0706265
image_032,Watershed-Binary,binary,0.402418562,0.750239231,0.009613752
image_032,Watershed-Semantic-Oracle,semantic-oracle,0.366525784,0.87632651,0.013831139
image_032,U-Net-Semantic,semantic,0.60593638,0.918837319,0.350690365
image_032,SegFormer-Semantic,semantic,0.093606837,0.730389917,0.379382372
image_032,SAM-Class-Agnostic,class-agnostic-binary,0.493285683,0.789176226,23.73573828
image_033,Watershed-Binary,binary,0.392455742,0.718747067,0.025655508
image_033,Watershed-Semantic-Oracle,semantic-oracle,0.762753852,0.981602578,0.031705379
image_033,U-Net-Semantic,semantic,0.449350168,0.956263102,0.525659084
image_033,SegFormer-Semantic,semantic,0.031681548,0.314308845,0.716973066
image_033,SAM-Class-Agnostic,class-agnostic-binary,0.13999692,0.2789689,26.69237018
image_034,Watershed-Binary,binary,0.415453499,0.589390372,0.014085531
image_034,Watershed-Semantic-Oracle,semantic-oracle,0.415453499,0.589390372,0.024870872
image_034,U-Net-Semantic,semantic,0.069566437,0.418165064,0.437321186
image_034,SegFormer-Semantic,semantic,0.002269622,0.008847864,0.486753464
image_034,SAM-Class-Agnostic,class-agnostic-binary,0.174787326,0.348971328,25.34363437
image_035,Watershed-Binary,binary,0.594695824,0.82690857,0.018126249
image_035,Watershed-Semantic-Oracle,semantic-oracle,0.629019239,0.98696737,0.02733469
image_035,U-Net-Semantic,semantic,0.222339993,0.889359974,0.643986702
image_035,SegFormer-Semantic,semantic,0.056656263,0.453078277,0.586649418
image_035,SAM-Class-Agnostic,class-agnostic-binary,0.35516365,0.563269569,24.15804577
image_036,Watershed-Binary,binary,0.504383231,0.682844643,0.017582417
image_036,Watershed-Semantic-Oracle,semantic-oracle,0.445287298,0.667945874,0.028427362
image_036,U-Net-Semantic,semantic,0.055551514,0.520370333,0.415872335
image_036,SegFormer-Semantic,semantic,0.06763967,0.232145691,0.457906961
image_036,SAM-Class-Agnostic,class-agnostic-binary,0.187340325,0.335399329,25.13227892
image_037,Watershed-Binary,binary,0.007281982,0.014459831,0.021481514
image_037,Watershed-Semantic-Oracle,semantic-oracle,0.441167058,0.882334117,0.032754898
image_037,U-Net-Semantic,semantic,0.109280692,0.907551903,0.500997305
image_037,SegFormer-Semantic,semantic,5.40E-05,0.000161982,0.482307196
image_037,SAM-Class-Agnostic,class-agnostic-binary,0.059504949,0.118689133,26.13723755
image_038,Watershed-Binary,binary,0.528800798,0.895018629,0.011465788
image_038,Watershed-Semantic-Oracle,semantic-oracle,0.46054445,0.932977708,0.021541119
image_038,U-Net-Semantic,semantic,0.212358253,0.975840665,0.528232813
image_038,SegFormer-Semantic,semantic,0.046640611,0.511878111,0.461368561
image_038,SAM-Class-Agnostic,class-agnostic-binary,0.062366502,0.120460096,24.27053213
image_039,Watershed-Binary,binary,0.435436526,0.7244641,0.021076441
image_039,Watershed-Semantic-Oracle,semantic-oracle,0.581920824,0.873980402,0.029950619
image_039,U-Net-Semantic,semantic,0.292247138,0.979443806,0.435300112
image_039,SegFormer-Semantic,semantic,0.068067783,0.627642353,0.49853611
image_039,SAM-Class-Agnostic,class-agnostic-binary,0.240520624,0.417239519,24.12915087
image_040,Watershed-Binary,binary,0.133793104,0.23601032,0.026815176
image_040,Watershed-Semantic-Oracle,semantic-oracle,0.105854357,0.272250866,0.038318396
image_040,U-Net-Semantic,semantic,0.185827979,0.798865772,0.458734512
image_040,SegFormer-Semantic,semantic,0.016019786,0.151313539,0.46273303
image_040,SAM-Class-Agnostic,class-agnostic-binary,0.149827133,0.278147401,23.91083479
image_041,Watershed-Binary,binary,0.704796945,0.865665848,0.014613867
image_041,Watershed-Semantic-Oracle,semantic-oracle,0.687480178,0.869551993,0.02741313
image_041,U-Net-Semantic,semantic,0.137077902,0.811916178,0.387688875
image_041,SegFormer-Semantic,semantic,0.001120542,0.007488133,0.486199379
image_041,SAM-Class-Agnostic,class-agnostic-binary,0.30299247,0.470695824,24.43780351
image_042,Watershed-Binary,binary,0.134225199,0.240130713,0.01812458
image_042,Watershed-Semantic-Oracle,semantic-oracle,0.134225199,0.240130713,0.025690556
image_042,U-Net-Semantic,semantic,0.073222295,0.286618308,0.434815168
image_042,SegFormer-Semantic,semantic,0.067206132,0.361989578,0.473677397
image_042,SAM-Class-Agnostic,class-agnostic-binary,0.033609671,0.065591758,22.58894348
image_043,Watershed-Binary,binary,0.937213305,0.972836464,0.011470318
image_043,Watershed-Semantic-Oracle,semantic-oracle,0.929340636,0.972836464,0.015786886
image_043,U-Net-Semantic,semantic,0.624819465,0.868272596,0.318203926
image_043,SegFormer-Semantic,semantic,0.13963988,0.679663172,0.385800123
image_043,SAM-Class-Agnostic,class-agnostic-binary,0.457477011,0.627965845,24.08314419
image_044,Watershed-Binary,binary,0.328946385,0.63159978,0.024164438
image_044,Watershed-Semantic-Oracle,semantic-oracle,0.511540008,0.910018704,0.041664839
image_044,U-Net-Semantic,semantic,0.138967804,0.800658135,0.464481831
image_044,SegFormer-Semantic,semantic,0.028904958,0.201914644,0.43209362
image_044,SAM-Class-Agnostic,class-agnostic-binary,0.453209389,0.728810468,23.73540902
image_045,Watershed-Binary,binary,0.166207728,0.330002917,0.022211313
image_045,Watershed-Semantic-Oracle,semantic-oracle,0.364694429,0.729388859,0.025322437
image_045,U-Net-Semantic,semantic,0.181245807,0.666733669,0.374680996
image_045,SegFormer-Semantic,semantic,0.122309023,0.446078779,0.451472044
image_045,SAM-Class-Agnostic,class-agnostic-binary,0.418743487,0.594493185,22.55825925
image_046,Watershed-Binary,binary,0.608547957,0.844043416,0.009368896
image_046,Watershed-Semantic-Oracle,semantic-oracle,0.609441752,0.8447203,0.015834093
image_046,U-Net-Semantic,semantic,0.329690413,0.742633437,0.428052902
image_046,SegFormer-Semantic,semantic,0.058377819,0.400193169,0.404726744
image_046,SAM-Class-Agnostic,class-agnostic-binary,0.202734114,0.347419922,24.69409204
image_047,Watershed-Binary,binary,0.42736005,0.791194978,0.017858982
image_047,Watershed-Semantic-Oracle,semantic-oracle,0.581664017,0.946399294,0.028060913
image_047,U-Net-Semantic,semantic,0.069655421,0.879178833,0.38848877
image_047,SegFormer-Semantic,semantic,0.056771205,0.439161969,0.403906107
image_047,SAM-Class-Agnostic,class-agnostic-binary,0.254979258,0.469821058,21.46398187
image_048,Watershed-Binary,binary,0.097420971,0.181353027,0.014291286
image_048,Watershed-Semantic-Oracle,semantic-oracle,0.099829284,0.185705303,0.01799655
image_048,U-Net-Semantic,semantic,0.429192204,0.779258675,0.322668552
image_048,SegFormer-Semantic,semantic,0.189500166,0.397791395,0.373421431
image_048,SAM-Class-Agnostic,class-agnostic-binary,0.550678703,0.715803404,22.08897901
image_049,Watershed-Binary,binary,0.614800171,0.944769816,0.013241291
image_049,Watershed-Semantic-Oracle,semantic-oracle,0.760688743,0.981193271,0.015071392
image_049,U-Net-Semantic,semantic,0.141332799,0.970405457,0.393246412
image_049,SegFormer-Semantic,semantic,0.242139694,0.953480956,0.508171082
image_049,SAM-Class-Agnostic,class-agnostic-binary,0.021254597,0.042381252,23.14878345
image_050,Watershed-Binary,binary,0.28338317,0.464561507,0.033507824
image_050,Watershed-Semantic-Oracle,semantic-oracle,0.225505417,0.54539195,0.035137892
image_050,U-Net-Semantic,semantic,0.405992468,0.876204961,0.445075274
image_050,SegFormer-Semantic,semantic,0.068126312,0.543138913,0.495031834
image_050,SAM-Class-Agnostic,class-agnostic-binary,0.425925193,0.603753029,23.65654373
image_051,Watershed-Binary,binary,0.255959753,0.496537754,0.018065214
image_051,Watershed-Semantic-Oracle,semantic-oracle,0.457128731,0.849489826,0.025932789
image_051,U-Net-Semantic,semantic,0.150723581,0.897598695,0.391090393
image_051,SegFormer-Semantic,semantic,0.131868825,0.527475299,0.464705229
image_051,SAM-Class-Agnostic,class-agnostic-binary,0.158083117,0.274351001,22.19505358
image_052,Watershed-Binary,binary,0.270107027,0.460610866,0.020964146
image_052,Watershed-Semantic-Oracle,semantic-oracle,0.189417048,0.603498687,0.030378103
image_052,U-Net-Semantic,semantic,0.114396819,0.794906421,0.387874126
image_052,SegFormer-Semantic,semantic,0.070932182,0.290809753,0.407880306
image_052,SAM-Class-Agnostic,class-agnostic-binary,0.288555508,0.449415234,21.71745014
image_053,Watershed-Binary,binary,0.369626538,0.539984804,0.02102375
image_053,Watershed-Semantic-Oracle,semantic-oracle,0.369626538,0.539984804,0.022136211
image_053,U-Net-Semantic,semantic,0.09295391,0.795456067,0.323250294
image_053,SegFormer-Semantic,semantic,0,0,0.398176908
image_053,SAM-Class-Agnostic,class-agnostic-binary,0.245079576,0.478735005,21.55522513
image_054,Watershed-Binary,binary,0.161319014,0.30386911,0.016350031
image_054,Watershed-Semantic-Oracle,semantic-oracle,0.093714515,0.337881101,0.025614262
image_054,U-Net-Semantic,semantic,0.249660681,0.861860988,0.364487886
image_054,SegFormer-Semantic,semantic,0.000218507,0.00141045,0.401140928
image_054,SAM-Class-Agnostic,class-agnostic-binary,0.086313517,0.169983836,21.49411106
image_055,Watershed-Binary,binary,0.003943263,0.007886162,0.016525507
image_055,Watershed-Semantic-Oracle,semantic-oracle,0.493439098,0.986878195,0.024929762
image_055,U-Net-Semantic,semantic,0.084905629,0.873729078,0.356182337
image_055,SegFormer-Semantic,semantic,0,0,0.402022362
image_055,SAM-Class-Agnostic,class-agnostic-binary,0.00658267,0.013164121,21.81154871
image_056,Watershed-Binary,binary,0.272821928,0.545643856,0.012982845
image_056,Watershed-Semantic-Oracle,semantic-oracle,0.425218083,0.850436166,0.018774748
image_056,U-Net-Semantic,semantic,0.132138463,0.921529571,0.379550934
image_056,SegFormer-Semantic,semantic,0.047384637,0.189499748,0.446683645
image_056,SAM-Class-Agnostic,class-agnostic-binary,0.194076558,0.325380267,22.6739645
image_057,Watershed-Binary,binary,0.581827014,0.765992997,0.021791458
image_057,Watershed-Semantic-Oracle,semantic-oracle,0.76308956,0.896993664,0.026134968
image_057,U-Net-Semantic,semantic,0.95245754,0.984111431,0.452515125
image_057,SegFormer-Semantic,semantic,0.090212752,0.427406416,0.487366915
image_057,SAM-Class-Agnostic,class-agnostic-binary,0.248967354,0.39882651,23.39525008
image_058,Watershed-Binary,binary,0.648494717,0.825482886,0.014304161
image_058,Watershed-Semantic-Oracle,semantic-oracle,0.505332613,0.822071683,0.029447079
image_058,U-Net-Semantic,semantic,0.192878527,0.853426653,0.437725782
image_058,SegFormer-Semantic,semantic,0.025231925,0.201188704,0.478022814
image_058,SAM-Class-Agnostic,class-agnostic-binary,0.09694422,0.189839433,22.90173292
image_059,Watershed-Binary,binary,0.323338112,0.500940816,0.028361559
image_059,Watershed-Semantic-Oracle,semantic-oracle,0.466067909,0.672030897,0.033110619
image_059,U-Net-Semantic,semantic,0.4515277,0.956963617,0.423942089
image_059,SegFormer-Semantic,semantic,0.072769782,0.532624164,0.469651699
image_059,SAM-Class-Agnostic,class-agnostic-binary,0.258959639,0.414741552,22.96067238
image_060,Watershed-Binary,binary,0.930832979,0.974174754,0.014924526
image_060,Watershed-Semantic-Oracle,semantic-oracle,0.988403103,0.995968938,0.022659302
image_060,U-Net-Semantic,semantic,0.158864536,0.749156522,0.425318956
image_060,SegFormer-Semantic,semantic,0.059181422,0.419402794,0.48301816
image_060,SAM-Class-Agnostic,class-agnostic-binary,0.364511573,0.561347481,22.13543701
image_061,Watershed-Binary,binary,0.39419548,0.612094477,0.020987511
image_061,Watershed-Semantic-Oracle,semantic-oracle,0.402896908,0.623051792,0.028815985
image_061,U-Net-Semantic,semantic,0.122072194,0.496914433,0.390957355
image_061,SegFormer-Semantic,semantic,0.007191698,0.03575628,0.431990862
image_061,SAM-Class-Agnostic,class-agnostic-binary,0.642254938,0.783931376,22.59223866
image_062,Watershed-Binary,binary,0.378283038,0.629094172,0.019792795
image_062,Watershed-Semantic-Oracle,semantic-oracle,0.381567498,0.633692871,0.024698257
image_062,U-Net-Semantic,semantic,0.280825655,0.842089896,0.35659337
image_062,SegFormer-Semantic,semantic,0.121426864,0.588744998,0.417140007
image_062,SAM-Class-Agnostic,class-agnostic-binary,0.128953531,0.235096096,23.69545913
image_063,Watershed-Binary,binary,0.271470127,0.542757983,0.018750668
image_063,Watershed-Semantic-Oracle,semantic-oracle,0.462283965,0.924567931,0.019780159
image_063,U-Net-Semantic,semantic,0.142094199,0.921222248,0.325122595
image_063,SegFormer-Semantic,semantic,0.091994101,0.366268334,0.385296583
image_063,SAM-Class-Agnostic,class-agnostic-binary,0.057187025,0.10900992,21.42397189
image_064,Watershed-Binary,binary,0.088538371,0.173501905,0.012545109
image_064,Watershed-Semantic-Oracle,semantic-oracle,0.172761362,0.498310824,0.016433239
image_064,U-Net-Semantic,semantic,0.309440311,0.736780104,0.359548569
image_064,SegFormer-Semantic,semantic,0.149435958,0.476219761,0.369776011
image_064,SAM-Class-Agnostic,class-agnostic-binary,0.334716251,0.532517631,21.20957327
image_065,Watershed-Binary,binary,0.474491276,0.834720552,0.012334585
image_065,Watershed-Semantic-Oracle,semantic-oracle,0.651087003,0.997125996,0.018929482
image_065,U-Net-Semantic,semantic,0.425022591,0.991753385,0.324549198
image_065,SegFormer-Semantic,semantic,0.043381643,0.476741558,0.422314167
image_065,SAM-Class-Agnostic,class-agnostic-binary,0.224521856,0.426067055,21.3046174
image_066,Watershed-Binary,binary,0.715120259,0.880222655,0.017404795
image_066,Watershed-Semantic-Oracle,semantic-oracle,0.715120259,0.880222655,0.020810843
image_066,U-Net-Semantic,semantic,0.03263112,0.257778338,0.329320192
image_066,SegFormer-Semantic,semantic,0.036930364,0.151233425,0.387772322
image_066,SAM-Class-Agnostic,class-agnostic-binary,0.322829088,0.539988812,22.34179664
image_067,Watershed-Binary,binary,0.154260855,0.300720251,0.030927181
image_067,Watershed-Semantic-Oracle,semantic-oracle,0.454183209,0.879971128,0.038508892
image_067,U-Net-Semantic,semantic,0.092499378,0.894546894,0.423578024
image_067,SegFormer-Semantic,semantic,0.038226783,0.294472385,0.450841665
image_067,SAM-Class-Agnostic,class-agnostic-binary,0.232515167,0.409343858,23.32149553
image_068,Watershed-Binary,binary,0.274830221,0.507877079,0.020782232
image_068,Watershed-Semantic-Oracle,semantic-oracle,0.346795642,0.630587208,0.031110764
image_068,U-Net-Semantic,semantic,0.235393187,0.926243697,0.475681782
image_068,SegFormer-Semantic,semantic,0.001524062,0.012133243,0.474658966
image_068,SAM-Class-Agnostic,class-agnostic-binary,0.176824028,0.32377814,22.84718919
image_069,Watershed-Binary,binary,0.115130606,0.228752454,0.019240618
image_069,Watershed-Semantic-Oracle,semantic-oracle,0.082790254,0.228752454,0.031963587
image_069,U-Net-Semantic,semantic,0.104207779,0.068404175,0.448679924
image_069,SegFormer-Semantic,semantic,0,0,0.481491089
image_069,SAM-Class-Agnostic,class-agnostic-binary,0.367311916,0.734623831,22.96565866
image_070,Watershed-Binary,binary,0.228060921,0.379553443,0.016691685
image_070,Watershed-Semantic-Oracle,semantic-oracle,0.161072979,0.378422919,0.026872396
image_070,U-Net-Semantic,semantic,0.342444514,0.525000896,0.447251558
image_070,SegFormer-Semantic,semantic,0.115097351,0.421398744,0.497886419
image_070,SAM-Class-Agnostic,class-agnostic-binary,0.253600007,0.490539825,23.0607233
image_071,Watershed-Binary,binary,0.577512169,0.806354477,0.018520117
image_071,Watershed-Semantic-Oracle,semantic-oracle,0.741292127,0.915556878,0.029989481
image_071,U-Net-Semantic,semantic,0.086271057,0.860505367,0.407100916
image_071,SegFormer-Semantic,semantic,0.173621662,0.651404383,0.484493494
image_071,SAM-Class-Agnostic,class-agnostic-binary,0.256567953,0.429134737,22.93340135
image_072,Watershed-Binary,binary,0.196830407,0.33318419,0.015674829
image_072,Watershed-Semantic-Oracle,semantic-oracle,0.131789198,0.328298107,0.021947384
image_072,U-Net-Semantic,semantic,0.172900398,0.425671342,0.39529562
image_072,SegFormer-Semantic,semantic,0.001254012,0.007701323,0.417915821
image_072,SAM-Class-Agnostic,class-agnostic-binary,0.390625683,0.690889869,23.59153843
image_073,Watershed-Binary,binary,0.232250405,0.441283616,0.017329931
image_073,Watershed-Semantic-Oracle,semantic-oracle,0.467822586,0.935645173,0.028775692
image_073,U-Net-Semantic,semantic,0.652962075,0.997517229,0.389919281
image_073,SegFormer-Semantic,semantic,0.043747236,0.16372756,0.441322327
image_073,SAM-Class-Agnostic,class-agnostic-binary,0.032112272,0.064091855,22.04287362
image_074,Watershed-Binary,binary,0.361506021,0.723012043,0.017136335
image_074,Watershed-Semantic-Oracle,semantic-oracle,0.495692181,0.991384362,0.022433043
image_074,U-Net-Semantic,semantic,0.123491144,0.965491188,0.370879173
image_074,SegFormer-Semantic,semantic,1.89E-05,0.000131066,0.510863543
image_074,SAM-Class-Agnostic,class-agnostic-binary,0.088651226,0.174459932,22.1531961
image_075,Watershed-Binary,binary,0.255432292,0.450334699,0.014240503
image_075,Watershed-Semantic-Oracle,semantic-oracle,0.515759929,0.811493165,0.022677183
image_075,U-Net-Semantic,semantic,0.254517076,0.870464356,0.333795071
image_075,SegFormer-Semantic,semantic,0.122340392,0.611701961,0.383527756
image_075,SAM-Class-Agnostic,class-agnostic-binary,0.323514457,0.490467328,21.33560944
image_076,Watershed-Binary,binary,0.435067397,0.609983245,0.013529539
image_076,Watershed-Semantic-Oracle,semantic-oracle,0.435067397,0.609983245,0.020539522
image_076,U-Net-Semantic,semantic,0.391689109,0.739840246,0.294299603
image_076,SegFormer-Semantic,semantic,0.018699154,0.110415066,0.372203827
image_076,SAM-Class-Agnostic,class-agnostic-binary,0.196168554,0.328996541,20.62426853
image_077,Watershed-Binary,binary,0.725161544,0.966785387,0.007273197
image_077,Watershed-Semantic-Oracle,semantic-oracle,0.750642704,0.972292152,0.014075756
image_077,U-Net-Semantic,semantic,0.13021125,0.912564629,0.312664747
image_077,SegFormer-Semantic,semantic,0,0,0.356248617
image_077,SAM-Class-Agnostic,class-agnostic-binary,0.046069415,0.08838668,20.86746788
image_078,Watershed-Binary,binary,0.378272722,0.693234469,0.012228727
image_078,Watershed-Semantic-Oracle,semantic-oracle,0.463997558,0.916366506,0.019532204
image_078,U-Net-Semantic,semantic,0.27898505,0.987205732,0.293807745
image_078,SegFormer-Semantic,semantic,0.026225089,0.015614867,0.35020256
image_078,SAM-Class-Agnostic,class-agnostic-binary,0.025859706,0.050887981,21.30993271
image_079,Watershed-Binary,binary,0.315293513,0.496621023,0.016267061
image_079,Watershed-Semantic-Oracle,semantic-oracle,0.183019159,0.456625916,0.027072906
image_079,U-Net-Semantic,semantic,0.195899427,0.648354383,0.413887739
image_079,SegFormer-Semantic,semantic,0.086121178,0.334358416,0.446295977
image_079,SAM-Class-Agnostic,class-agnostic-binary,0.379821904,0.582647836,23.82142234
image_080,Watershed-Binary,binary,0.450843347,0.901686695,0.010561466
image_080,Watershed-Semantic-Oracle,semantic-oracle,0.493103395,0.98620679,0.014919996
image_080,U-Net-Semantic,semantic,0.166072373,0.966706311,0.430469513
image_080,SegFormer-Semantic,semantic,0.005429192,0.027107596,0.462339163
image_080,SAM-Class-Agnostic,class-agnostic-binary,0.023706091,0.046557876,23.12726307
image_081,Watershed-Binary,binary,0.337524499,0.675048997,0.017479658
image_081,Watershed-Semantic-Oracle,semantic-oracle,0.481826797,0.963653594,0.025053263
image_081,U-Net-Semantic,semantic,0.138211598,0.963584674,0.424279213
image_081,SegFormer-Semantic,semantic,0.039681651,0.277758394,0.472383738
image_081,SAM-Class-Agnostic,class-agnostic-binary,0.034187007,0.066739894,23.13316798
image_082,Watershed-Binary,binary,0.406813465,0.673305339,0.023142099
image_082,Watershed-Semantic-Oracle,semantic-oracle,0.430136018,0.774463054,0.031238317
image_082,U-Net-Semantic,semantic,0.25585079,0.940852945,0.45251894
image_082,SegFormer-Semantic,semantic,0.05844943,0.360338774,0.493642569
image_082,SAM-Class-Agnostic,class-agnostic-binary,0.104087394,0.189101348,24.44363141
image_083,Watershed-Binary,binary,0.311565317,0.609775158,0.022661209
image_083,Watershed-Semantic-Oracle,semantic-oracle,0.478042134,0.956084268,0.030563116
image_083,U-Net-Semantic,semantic,0.239281646,0.956080219,0.403747559
image_083,SegFormer-Semantic,semantic,0.046588408,0.496855932,0.482812643
image_083,SAM-Class-Agnostic,class-agnostic-binary,0.194711252,0.377915805,22.67438626
image_084,Watershed-Binary,binary,0.307844965,0.612885556,0.027813911
image_084,Watershed-Semantic-Oracle,semantic-oracle,0.478261952,0.956523904,0.034017563
image_084,U-Net-Semantic,semantic,0.244904141,0.734703278,0.412259817
image_084,SegFormer-Semantic,semantic,0.078755567,0.551254653,0.45996666
image_084,SAM-Class-Agnostic,class-agnostic-binary,0.353932617,0.685276555,23.54265761
image_085,Watershed-Binary,binary,0.544796615,0.863260284,0.012468576
image_085,Watershed-Semantic-Oracle,semantic-oracle,0.620153725,0.915488095,0.024522781
image_085,U-Net-Semantic,semantic,0.346737352,0.975242974,0.398744106
image_085,SegFormer-Semantic,semantic,0.054076167,0.270107306,0.44660902
image_085,SAM-Class-Agnostic,class-agnostic-binary,0.036474538,0.071083617,23.17201376
image_086,Watershed-Binary,binary,0.026098993,0.052172784,0.026824951
image_086,Watershed-Semantic-Oracle,semantic-oracle,0.437254524,0.874509048,0.033584118
image_086,U-Net-Semantic,semantic,0.083959597,0.873851821,0.406338692
image_086,SegFormer-Semantic,semantic,0.174892865,0.841612291,0.444510937
image_086,SAM-Class-Agnostic,class-agnostic-binary,0.462013436,0.68484994,22.63690829
image_087,Watershed-Binary,binary,0.474789571,0.645240527,0.021716595
image_087,Watershed-Semantic-Oracle,semantic-oracle,0.335176744,0.730448615,0.037541628
image_087,U-Net-Semantic,semantic,0.113272286,0.378851208,0.378036499
image_087,SegFormer-Semantic,semantic,0.027182225,0.158208501,0.421127319
image_087,SAM-Class-Agnostic,class-agnostic-binary,0.489837719,0.713281451,22.46728873
image_088,Watershed-Binary,binary,0.271505583,0.437199083,0.018782616
image_088,Watershed-Semantic-Oracle,semantic-oracle,0.535927751,0.755360553,0.023004293
image_088,U-Net-Semantic,semantic,0.127450403,0.719022082,0.490947247
image_088,SegFormer-Semantic,semantic,0.173861289,0.685876646,0.480757952
image_088,SAM-Class-Agnostic,class-agnostic-binary,0.080582159,0.158879743,22.4634428
image_089,Watershed-Binary,binary,0.37195656,0.558138109,0.022135258
image_089,Watershed-Semantic-Oracle,semantic-oracle,0.250384529,0.689368798,0.023178577
image_089,U-Net-Semantic,semantic,0.116405935,0.757781719,0.322978973
image_089,SegFormer-Semantic,semantic,0.007749713,0.066823064,0.376219749
image_089,SAM-Class-Agnostic,class-agnostic-binary,0.23326569,0.378422894,21.21363139
image_090,Watershed-Binary,binary,0.23441363,0.468730312,0.011947393
image_090,Watershed-Semantic-Oracle,semantic-oracle,0.434412208,0.868824416,0.015026569
image_090,U-Net-Semantic,semantic,0.148816622,0.950882426,0.400942564
image_090,SegFormer-Semantic,semantic,0.041442506,0.206937389,0.35607481
image_090,SAM-Class-Agnostic,class-agnostic-binary,0.029917178,0.058364502,21.09901977
image_091,Watershed-Binary,binary,0.645188953,0.7929414,0.016339064
image_091,Watershed-Semantic-Oracle,semantic-oracle,0.506417353,0.786350148,0.026968718
image_091,U-Net-Semantic,semantic,0.08012526,0.506610689,0.310662985
image_091,SegFormer-Semantic,semantic,0.023675674,0.135811748,0.338415146
image_091,SAM-Class-Agnostic,class-agnostic-binary,0.375100825,0.545609648,21.47738338
image_092,Watershed-Binary,binary,0.181469368,0.322687882,0.014233351
image_092,Watershed-Semantic-Oracle,semantic-oracle,0.121089947,0.322687882,0.016930342
image_092,U-Net-Semantic,semantic,0.045722952,0.303220717,0.302439213
image_092,SegFormer-Semantic,semantic,0.003201234,0.017712765,0.359845877
image_092,SAM-Class-Agnostic,class-agnostic-binary,0.222484522,0.363996735,21.43108153
image_093,Watershed-Binary,binary,0.912785373,0.981436173,0.009577751
image_093,Watershed-Semantic-Oracle,semantic-oracle,0.912785373,0.981436173,0.016549826
image_093,U-Net-Semantic,semantic,0.104527516,0.925368584,0.370718718
image_093,SegFormer-Semantic,semantic,0.007115454,0.003436426,0.398803949
image_093,SAM-Class-Agnostic,class-agnostic-binary,0.061512703,0.122476127,23.23381042
image_094,Watershed-Binary,binary,0.327379315,0.493771304,0.038589954
image_094,Watershed-Semantic-Oracle,semantic-oracle,0.328265707,0.566950309,0.054540634
image_094,U-Net-Semantic,semantic,0.134123073,0.647837531,0.443120718
image_094,SegFormer-Semantic,semantic,0.00273289,0.020852236,0.521747351
image_094,SAM-Class-Agnostic,class-agnostic-binary,0.491525476,0.660650498,24.16456938
image_095,Watershed-Binary,binary,0.262712222,0.420429603,0.022841454
image_095,Watershed-Semantic-Oracle,semantic-oracle,0.262712222,0.420429603,0.027929068
image_095,U-Net-Semantic,semantic,0.315877252,0.761046038,0.41792345
image_095,SegFormer-Semantic,semantic,0.04381701,0.177964503,0.485694408
image_095,SAM-Class-Agnostic,class-agnostic-binary,0.280588566,0.560148792,23.43479156
image_096,Watershed-Binary,binary,0.710162435,0.886275606,0.018713236
image_096,Watershed-Semantic-Oracle,semantic-oracle,0.710162435,0.886275606,0.029563189
image_096,U-Net-Semantic,semantic,0.240105825,0.879914547,0.494552612
image_096,SegFormer-Semantic,semantic,0.096589797,0.386147826,0.486231804
image_096,SAM-Class-Agnostic,class-agnostic-binary,0.021850601,0.042818352,22.84359455
image_097,Watershed-Binary,binary,0.133244261,0.262141387,0.024974108
image_097,Watershed-Semantic-Oracle,semantic-oracle,0.331463724,0.64550971,0.030567884
image_097,U-Net-Semantic,semantic,0.225082968,0.760467209,0.41176033
image_097,SegFormer-Semantic,semantic,0.010639924,0.082920095,0.432709694
image_097,SAM-Class-Agnostic,class-agnostic-binary,0.324464068,0.635969976,22.29086661
image_098,Watershed-Binary,binary,0.018209093,0.036403505,0.031187534
image_098,Watershed-Semantic-Oracle,semantic-oracle,0.443088796,0.886177593,0.039968729
image_098,U-Net-Semantic,semantic,0.165682893,0.88365705,0.45012331
image_098,SegFormer-Semantic,semantic,0.022201305,0.017538452,0.469377279
image_098,SAM-Class-Agnostic,class-agnostic-binary,0.079107759,0.149433853,22.63662243
image_099,Watershed-Binary,binary,0.798313371,0.887997901,0.016349792
image_099,Watershed-Semantic-Oracle,semantic-oracle,0.798313371,0.887997901,0.023695707
image_099,U-Net-Semantic,semantic,0.10428337,0.428607227,0.440252066
image_099,SegFormer-Semantic,semantic,0.067974642,0.271882598,0.459597349
image_099,SAM-Class-Agnostic,class-agnostic-binary,0.591676405,0.771955035,23.28701615
image_100,Watershed-Binary,binary,0.301603785,0.596689841,0.015771389
image_100,Watershed-Semantic-Oracle,semantic-oracle,0.441784495,0.88356899,0.022665977
image_100,U-Net-Semantic,semantic,0.906511391,0.977925748,0.402739048
image_100,SegFormer-Semantic,semantic,0.047856916,0.254274709,0.482901335
image_100,SAM-Class-Agnostic,class-agnostic-binary,0.023788649,0.046481586,22.57785845
